﻿"Cube Title","Product Id","CANSIM Id",URL,"Cube Notes","Archive Status",Frequency,"Start Reference Period","End Reference Period","Total number of dimensions"
"Manufacturing sales by industry and province, monthly (dollars unless otherwise noted)","16100048","304-0015","https://www150.statcan.gc.ca/t1/tbl1/en/tv.action?pid=1610004801",1;2;3;5,"CURRENT - a cube available to the public and that is current","Monthly","1992-01-01","2024-10-01","4",

"Dimension ID","Dimension name","Dimension Notes","Dimension Definitions"
"1","Geography",,""
"2","Principal statistics",,""
"3","Seasonal adjustment",,""
"4","North American Industry Classification System (NAICS)",,""

"Dimension ID","Member Name","Classification Code","Member ID","Parent Member ID",Terminated,"Member Notes","Member Definitions"
"1","Prince Edward Island","[11]","2","","",,
"1","Nova Scotia","[12]","3","","",,
"1","New Brunswick","[13]","4","","",,
"1","Quebec","[24]","5","","",,
"1","Ontario","[35]","6","","",,
"1","Manitoba","[46]","7","","",,
"1","Saskatchewan","[47]","8","","",,
"1","Alberta","[48]","9","","",,
"1","British Columbia","[59]","10","","",,
"1","Yukon","[60]","11","","",,
"1","Newfoundland and Labrador","[10]","1","","",,
"1","Northwest Territories including Nunavut","","12","","",,
"1","Nunavut","[62]","13","","",,
"1","Northwest Territories","[61]","14","","",,
"2","Sales of goods manufactured (shipments)","","1","","",,
"3","Unadjusted","","1","","",,
"3","Seasonally adjusted","","2","","",,
"4","Durable goods industries","","84","1","",,
"4","Non-durable goods industries","","2","1","",,
"4","Leather and allied product manufacturing","[316]","80","2","",,
"4","Paper manufacturing","[322]","104","2","",,
"4","Printing and related support activities","[323]","121","2","",,
"4","Petroleum and coal product manufacturing","[324]","130","2","",,
"4","Chemical manufacturing","[325]","135","2","",,
"4","Food manufacturing","[311]","3","2","",,
"4","Beverage and tobacco product manufacturing","[312]","36","2","",,
"4","Textile mills","[313]","43","2","",,
"4","Textile product mills","[314]","53","2","",,
"4","Plastics and rubber products manufacturing","[326]","159","2","",,
"4","Apparel manufacturing","[315]","337","2","",,
"4","Animal food manufacturing","[3111]","4","3","",,
"4","Grain and oilseed milling","[3112]","6","3","",,
"4","Sugar and confectionery product manufacturing","[3113]","10","3","",,
"4","Fruit and vegetable preserving and specialty food manufacturing","[3114]","15","3","",,
"4","Dairy product manufacturing","[3115]","16","3","",,
"4","Meat product manufacturing","[3116]","17","3","",,
"4","Seafood product preparation and packaging","[3117]","22","3","",,
"4","Bakeries and tortilla manufacturing","[3118]","23","3","",,
"4","Other food manufacturing","[3119]","30","3","",,
"4","Animal food manufacturing","[31111]","5","4","",,
"4","Flour milling and malt manufacturing","[31121]","7","6","",,
"4","Starch and vegetable fat and oil manufacturing","[31122]","8","6","",,
"4","Breakfast cereal manufacturing","[31123]","9","6","",,
"4","Sugar manufacturing","[31131]","11","10","",,
"4","Chocolate and confectionery manufacturing from cacao beans","[31132]","12","10","t",,
"4","Confectionery manufacturing from purchased chocolate","[31133]","13","10","t",,
"4","Non-chocolate confectionery manufacturing","[31134]","14","10","",,
"4","Chocolate and chocolate confectionery manufacturing","[31135]","358","10","",,
"4","Animal slaughtering and processing","[31161]","18","17","",,
"4","Animal (except poultry) slaughtering","[311611]","19","18","t",,
"4","Rendering and meat processing from carcasses","[311614]","20","18","",,
"4","Poultry slaughtering and processing","[311615]","21","18","",,
"4","Beef cattle slaughtering ","[311616]","367","18","",,
"4","Hog slaughtering","[311617]","368","18","",,
"4","Other animal slaughtering","[311619]","369","18","",,
"4","Bread and bakery product manufacturing","[31181]","24","23","",,
"4","Cookie, cracker and pasta manufacturing","[31182]","25","23","",,
"4","Tortilla manufacturing","[31183]","29","23","",,
"4","Cookie and cracker manufacturing","[311821]","26","25","",,
"4","Flour mixes and dough manufacturing from purchased flour","[311822]","27","25","t",,
"4","Dry pasta manufacturing","[311823]","28","25","t",,
"4","Flour mixes, dough, and pasta manufacturing from purchased flour","[311824]","359","25","",,
"4","Snack food manufacturing","[31191]","31","30","",,
"4","Coffee and tea manufacturing","[31192]","32","30","",,
"4","Flavouring syrup and concentrate manufacturing","[31193]","33","30","",,
"4","Seasoning and dressing manufacturing","[31194]","34","30","",,
"4","All other food manufacturing","[31199]","35","30","",,
"4","Beverage manufacturing","[3121]","37","36","",,
"4","Tobacco manufacturing","[3122]","42","36","",,
"4","Cannabis product manufacturing","[3123]","365","36","",,
"4","Soft drink and ice manufacturing","[31211]","38","37","",,
"4","Breweries","[31212]","39","37","",,
"4","Wineries","[31213]","40","37","",,
"4","Distilleries","[31214]","41","37","",,
"4","Fibre, yarn and thread mills","[3131]","44","43","",,
"4","Fabric mills","[3132]","45","43","",,
"4","Textile and fabric finishing and fabric coating","[3133]","50","43","",,
"4","Broad-woven fabric mills","[31321]","46","45","",,
"4","Narrow fabric mills and Schiffli machine embroidery","[31322]","47","45","",,
"4","Nonwoven fabric mills","[31323]","48","45","",,
"4","Knit fabric mills","[31324]","49","45","",,
"4","Textile and fabric finishing","[31331]","51","50","",,
"4","Fabric coating","[31332]","52","50","",,
"4","Textile furnishings mills","[3141]","54","53","",,
"4","Other textile product mills","[3149]","57","53","",,
"4","Carpet and rug mills","[31411]","55","54","",,
"4","Curtain and linen mills","[31412]","56","54","",,
"4","Textile bag and canvas mills","[31491]","58","57","",,
"4","All other textile product mills","[31499]","59","57","",,
"4","Leather and hide tanning and finishing","[3161]","81","80","",,
"4","Footwear manufacturing","[3162]","82","80","",,
"4","Other leather and allied product manufacturing","[3169]","83","80","",,
"4","Wood product manufacturing","[321]","85","84","",,
"4","Non-metallic mineral product manufacturing","[327]","175","84","",,
"4","Primary metal manufacturing","[331]","190","84","",,
"4","Fabricated metal product manufacturing","[332]","211","84","",,
"4","Machinery manufacturing","[333]","232","84","",,
"4","Computer and electronic product manufacturing","[334]","253","84","",,
"4","Electrical equipment, appliance and component manufacturing","[335]","268","84","",,
"4","Transportation equipment manufacturing","[336]","285","84","",,
"4","Furniture and related product manufacturing","[337]","314","84","",,
"4","Miscellaneous manufacturing","[339]","327","84","",,
"4","Sawmills and wood preservation","[3211]","86","85","",,
"4","Veneer, plywood and engineered wood product manufacturing","[3212]","91","85","",,
"4","Other wood product manufacturing","[3219]","98","85","",,
"4","Sawmills and wood preservation","[32111]","87","86","",,
"4","Sawmills (except shingle and shake mills)","[321111]","88","87","",,
"4","Shingle and shake mills","[321112]","89","87","",,
"4","Wood preservation","[321114]","90","87","",,
"4","Veneer, plywood and engineered wood product manufacturing","[32121]","92","91","",,
"4","Hardwood veneer and plywood mills","[321211]","93","92","",,
"4","Softwood veneer and plywood mills","[321212]","94","92","",,
"4","Structural wood product manufacturing","[321215]","95","92","",,
"4","Particle board and fibreboard mills","[321216]","96","92","",,
"4","Waferboard mills","[321217]","97","92","",,
"4","Millwork","[32191]","99","98","",,
"4","Wood container and pallet manufacturing","[32192]","102","98","",,
"4","All other wood product manufacturing","[32199]","103","98","",,
"4","Wood window and door manufacturing","[321911]","100","99","",,
"4","Other millwork","[321919]","101","99","",,
"4","Pulp, paper and paperboard mills","[3221]","105","104","",,
"4","Converted paper product manufacturing","[3222]","111","104","",,
"4","Pulp mills","[32211]","106","105","",,
"4","Paper mills","[32212]","107","105","",,
"4","Paperboard mills","[32213]","110","105","",,
"4","Paper (except newsprint) mills","[322121]","108","107","",,
"4","Newsprint mills","[322122]","109","107","",,
"4","Paperboard container manufacturing","[32221]","112","111","",,
"4","Paper bag and coated and treated paper manufacturing","[32222]","116","111","",,
"4","Stationery product manufacturing","[32223]","117","111","",,
"4","Other converted paper product manufacturing","[32229]","118","111","",,
"4","Corrugated and solid fibre box manufacturing","[322211]","113","112","",,
"4","Folding paperboard box manufacturing","[322212]","114","112","",,
"4","Other paperboard container manufacturing","[322219]","115","112","",,
"4","Sanitary paper product manufacturing","[322291]","119","118","",,
"4","All other converted paper product manufacturing","[322299]","120","118","",,
"4","Printing and related support activities","[3231]","122","121","",,
"4","Printing","[32311]","123","122","",,
"4","Support activities for printing","[32312]","129","122","",,
"4","Commercial screen printing","[323113]","124","123","",,
"4","Quick printing","[323114]","125","123","",,
"4","Digital printing","[323115]","126","123","",,
"4","Manifold business forms printing","[323116]","127","123","",,
"4","Other printing","[323119]","128","123","",,
"4","Petroleum and coal product manufacturing","[3241]","131","130","",,
"4","Petroleum refineries","[32411]","132","131","",,
"4","Asphalt paving, roofing and saturated materials manufacturing","[32412]","133","131","",,
"4","Other petroleum and coal product manufacturing","[32419]","134","131","",,
"4","Basic chemical manufacturing","[3251]","136","135","",,
"4","Resin, synthetic rubber, and artificial and synthetic fibres and filaments manufacturing","[3252]","142","135","",,
"4","Pesticide, fertilizer and other agricultural chemical manufacturing","[3253]","145","135","",,
"4","Pharmaceutical and medicine manufacturing","[3254]","148","135","",,
"4","Paint, coating and adhesive manufacturing","[3255]","149","135","",,
"4","Soap, cleaning compound and toilet preparation manufacturing","[3256]","152","135","",,
"4","Other chemical product manufacturing","[3259]","155","135","",,
"4","Petrochemical manufacturing","[32511]","137","136","",,
"4","Industrial gas manufacturing","[32512]","138","136","",,
"4","Synthetic dye and pigment manufacturing","[32513]","139","136","",,
"4","Other basic inorganic chemical manufacturing","[32518]","140","136","",,
"4","Other basic organic chemical manufacturing","[32519]","141","136","",,
"4","Resin and synthetic rubber manufacturing","[32521]","143","142","",,
"4","Artificial and synthetic fibres and filaments manufacturing","[32522]","144","142","",,
"4","Fertilizer manufacturing","[32531]","146","145","",,
"4","Pesticide and other agricultural chemical manufacturing","[32532]","147","145","",,
"4","Paint and coating manufacturing","[32551]","150","149","",,
"4","Adhesive manufacturing","[32552]","151","149","",,
"4","Soap and cleaning compound manufacturing","[32561]","153","152","",,
"4","Toilet preparation manufacturing","[32562]","154","152","",,
"4","Printing ink manufacturing","[32591]","156","155","",,
"4","Explosives manufacturing","[32592]","157","155","",,
"4","All other chemical product manufacturing","[32599]","158","155","",,
"4","Plastic product manufacturing","[3261]","160","159","",,
"4","Rubber product manufacturing","[3262]","171","159","",,
"4","Plastic packaging materials and unlaminated film and sheet manufacturing","[32611]","161","160","",,
"4","Plastic pipe, pipe fitting, and unlaminated profile shape manufacturing","[32612]","162","160","",,
"4","Laminated plastic plate, sheet (except packaging), and shape manufacturing","[32613]","163","160","",,
"4","Polystyrene foam product manufacturing","[32614]","164","160","",,
"4","Urethane and other foam product (except polystyrene) manufacturing","[32615]","165","160","",,
"4","Plastic bottle manufacturing","[32616]","166","160","",,
"4","Other plastic product manufacturing","[32619]","167","160","",,
"4","Plastic plumbing fixture manufacturing","[326191]","168","167","",,
"4","Motor vehicle plastic parts manufacturing","[326193]","169","167","",,
"4","All other plastic product manufacturing","[326198]","170","167","",,
"4","Plastic window and door manufacturing","[326196]","357","167","",,
"4","Tire manufacturing","[32621]","172","171","",,
"4","Rubber and plastic hose and belting manufacturing","[32622]","173","171","",,
"4","Other rubber product manufacturing","[32629]","174","171","",,
"4","Clay product and refractory manufacturing","[3271]","176","175","",,
"4","Glass and glass product manufacturing","[3272]","177","175","",,
"4","Cement and concrete product manufacturing","[3273]","181","175","",,
"4","Lime and gypsum product manufacturing","[3274]","186","175","",,
"4","Other non-metallic mineral product manufacturing","[3279]","187","175","",,
"4","Glass and glass product manufacturing","[32721]","178","177","",,
"4","Glass manufacturing","[327214]","179","178","",,
"4","Glass product manufacturing from purchased glass","[327215]","180","178","",,
"4","Cement manufacturing","[32731]","182","181","",,
"4","Ready-mix concrete manufacturing","[32732]","183","181","",,
"4","Concrete pipe, brick and block manufacturing","[32733]","184","181","",,
"4","Other concrete product manufacturing","[32739]","185","181","",,
"4","Abrasive product manufacturing","[32791]","188","187","",,
"4","All other non-metallic mineral product manufacturing","[32799]","189","187","",,
"4","Iron and steel mills and ferro-alloy manufacturing","[3311]","191","190","",,
"4","Steel product manufacturing from purchased steel","[3312]","193","190","",,
"4","Alumina and aluminum production and processing","[3313]","198","190","",,
"4","Non-ferrous metal (except aluminum) production and processing","[3314]","202","190","",,
"4","Foundries","[3315]","206","190","",,
"4","Iron and steel mills and ferro-alloy manufacturing","[33111]","192","191","",,
"4","Iron and steel pipes and tubes manufacturing from purchased steel","[33121]","194","193","",,
"4","Rolling and drawing of purchased steel","[33122]","195","193","",,
"4","Cold-rolled steel shape manufacturing","[331221]","196","195","",,
"4","Steel wire drawing","[331222]","197","195","",,
"4","Alumina and aluminum production and processing","[33131]","199","198","",,
"4","Primary production of alumina and aluminum","[331313]","200","199","",,
"4","Aluminum rolling, drawing, extruding and alloying","[331317]","201","199","",,
"4","Copper rolling, drawing, extruding and alloying","[33142]","204","202","",,
"4","Non-ferrous metal (except copper and aluminum) rolling, drawing, extruding and alloying","[33149]","205","202","",,
"4","Non-ferrous metal (except aluminum) smelting and refining","[33141]","203","202","",,
"4","Ferrous metal foundries","[33151]","207","206","",,
"4","Non-ferrous metal foundries","[33152]","210","206","",,
"4","Iron foundries","[331511]","208","207","",,
"4","Steel foundries","[331514]","209","207","",,
"4","Forging and stamping","[3321]","212","211","",,
"4","Cutlery and hand tool manufacturing","[3322]","214","211","",,
"4","Architectural and structural metals manufacturing","[3323]","215","211","",,
"4","Boiler, tank and shipping container manufacturing","[3324]","223","211","",,
"4","Hardware manufacturing","[3325]","227","211","",,
"4","Spring and wire product manufacturing","[3326]","228","211","",,
"4","Machine shops, turned product, and screw, nut and bolt manufacturing","[3327]","229","211","",,
"4","Coating, engraving, heat treating and allied activities","[3328]","230","211","",,
"4","Other fabricated metal product manufacturing","[3329]","231","211","",,
"4","Forging and stamping","[33211]","213","212","",,
"4","Plate work and fabricated structural product manufacturing","[33231]","216","215","",,
"4","Ornamental and architectural metal product manufacturing","[33232]","220","215","",,
"4","Prefabricated metal building and component manufacturing","[332311]","217","216","",,
"4","Concrete reinforcing bar manufacturing","[332314]","218","216","",,
"4","Other plate work and fabricated structural product manufacturing","[332319]","219","216","",,
"4","Metal window and door manufacturing","[332321]","221","220","",,
"4","Other ornamental and architectural metal product manufacturing","[332329]","222","220","",,
"4","Power boiler and heat exchanger manufacturing","[33241]","224","223","",,
"4","Metal tank (heavy gauge) manufacturing","[33242]","225","223","",,
"4","Metal can, box and other metal container (light gauge) manufacturing","[33243]","226","223","",,
"4","Agricultural, construction and mining machinery manufacturing","[3331]","233","232","",,
"4","Industrial machinery manufacturing","[3332]","237","232","",,
"4","Commercial and service industry machinery manufacturing","[3333]","241","232","",,
"4","Ventilation, heating, air-conditioning and commercial refrigeration equipment manufacturing","[3334]","243","232","",,
"4","Metalworking machinery manufacturing","[3335]","245","232","",,
"4","Engine, turbine and power transmission equipment manufacturing","[3336]","247","232","",,
"4","Other general-purpose machinery manufacturing","[3339]","249","232","",,
"4","Agricultural implement manufacturing","[33311]","234","233","",,
"4","Construction machinery manufacturing","[33312]","235","233","",,
"4","Mining and oil and gas field machinery manufacturing","[33313]","236","233","",,
"4","Sawmill and woodworking machinery manufacturing","[33321]","238","237","t",,
"4","Rubber and plastics industry machinery manufacturing","[33322]","239","237","t",,
"4","Other industrial machinery manufacturing","[33329]","240","237","t",,
"4","Industrial machinery manufacturing","[33324]","364","237","",,
"4","Commercial and service industry machinery manufacturing","[33331]","242","241","",,
"4","Ventilation, heating, air-conditioning and commercial refrigeration equipment manufacturing","[33341]","244","243","",,
"4","Metalworking machinery manufacturing","[33351]","246","245","",,
"4","Engine, turbine and power transmission equipment manufacturing","[33361]","248","247","",,
"4","Pump and compressor manufacturing","[33391]","250","249","",,
"4","Material handling equipment manufacturing","[33392]","251","249","",,
"4","All other general-purpose machinery manufacturing","[33399]","252","249","",,
"4","Computer and peripheral equipment manufacturing","[3341]","254","253","",,
"4","Communications equipment manufacturing","[3342]","256","253","",,
"4","Audio and video equipment manufacturing","[3343]","260","253","",,
"4","Semiconductor and other electronic component manufacturing","[3344]","262","253","",,
"4","Navigational, measuring, medical and control instruments manufacturing","[3345]","264","253","",,
"4","Manufacturing and reproducing magnetic and optical media","[3346]","266","253","",,
"4","Computer and peripheral equipment manufacturing","[33411]","255","254","",,
"4","Telephone apparatus manufacturing","[33421]","257","256","",,
"4","Radio and television broadcasting and wireless communications equipment manufacturing","[33422]","258","256","",,
"4","Other communications equipment manufacturing","[33429]","259","256","",,
"4","Audio and video equipment manufacturing","[33431]","261","260","",,
"4","Semiconductor and other electronic component manufacturing","[33441]","263","262","",,
"4","Navigational, measuring, medical and control instruments manufacturing","[33451]","265","264","",,
"4","Manufacturing and reproducing magnetic and optical media","[33461]","267","266","",,
"4","Electric lighting equipment manufacturing","[3351]","269","268","",,
"4","Household appliance manufacturing","[3352]","272","268","",,
"4","Electrical equipment manufacturing","[3353]","275","268","",,
"4","Other electrical equipment and component manufacturing","[3359]","280","268","",,
"4","Electric lamp bulb and parts manufacturing","[33511]","270","269","t",,
"4","Lighting fixture manufacturing","[33512]","271","269","t",,
"4","Electric lighting equipment manufacturing ","[33513]","372","269","",,
"4","Small electrical appliance manufacturing","[33521]","273","272","",,
"4","Major appliance manufacturing","[33522]","274","272","",,
"4","Electrical equipment manufacturing","[33531]","276","275","",,
"4","Power, distribution and specialty transformers manufacturing","[335311]","277","276","",,
"4","Motor and generator manufacturing","[335312]","278","276","",,
"4","Switchgear and switchboard, and relay and industrial control apparatus manufacturing","[335315]","279","276","",,
"4","Battery manufacturing","[33591]","281","280","",,
"4","Communication and energy wire and cable manufacturing","[33592]","282","280","",,
"4","Wiring device manufacturing","[33593]","283","280","",,
"4","All other electrical equipment and component manufacturing","[33599]","284","280","",,
"4","Motor vehicle manufacturing","[3361]","286","285","",,
"4","Motor vehicle body and trailer manufacturing","[3362]","289","285","",,
"4","Motor vehicle parts manufacturing","[3363]","294","285","",,
"4","Aerospace product and parts manufacturing","[3364]","303","285","",,
"4","Railroad rolling stock manufacturing","[3365]","305","285","",,
"4","Ship and boat building","[3366]","307","285","",,
"4","Other transportation equipment manufacturing","[3369]","312","285","",,
"4","Automobile and light-duty motor vehicle manufacturing","[33611]","287","286","",,
"4","Heavy-duty truck manufacturing","[33612]","288","286","",,
"4","Motor vehicle body and trailer manufacturing","[33621]","290","289","",,
"4","Motor vehicle body manufacturing","[336211]","291","290","",,
"4","Truck trailer manufacturing","[336212]","292","290","",,
"4","Motor home, travel trailer and camper manufacturing","[336215]","293","290","",,
"4","Motor vehicle gasoline engine and engine parts manufacturing","[33631]","295","294","",,
"4","Motor vehicle electrical and electronic equipment manufacturing","[33632]","296","294","",,
"4","Motor vehicle steering and suspension components (except spring) manufacturing","[33633]","297","294","",,
"4","Motor vehicle brake system manufacturing","[33634]","298","294","",,
"4","Motor vehicle transmission and power train parts manufacturing","[33635]","299","294","",,
"4","Motor vehicle seating and interior trim manufacturing","[33636]","300","294","",,
"4","Motor vehicle metal stamping","[33637]","301","294","",,
"4","Other motor vehicle parts manufacturing","[33639]","302","294","",,
"4","Aerospace product and parts manufacturing","[33641]","304","303","",,
"4","Railroad rolling stock manufacturing","[33651]","306","305","",,
"4","Ship and boat building","[33661]","308","307","",,
"4","Ship building and repairing","[336611]","309","308","",,
"4","Boat building","[336612]","310","308","",,
"4","Other transportation equipment manufacturing","[33699]","313","312","",,
"4","Household and institutional furniture and kitchen cabinet manufacturing","[3371]","315","314","",,
"4","Office furniture (including fixtures) manufacturing","[3372]","322","314","",,
"4","Other furniture-related product manufacturing","[3379]","324","314","",,
"4","Wood kitchen cabinet and counter top manufacturing","[33711]","316","315","",,
"4","Household and institutional furniture manufacturing","[33712]","317","315","",,
"4","Upholstered household furniture manufacturing","[337121]","318","317","",,
"4","Other wood household furniture manufacturing","[337123]","319","317","",,
"4","Household furniture (except wood and upholstered) manufacturing","[337126]","320","317","",,
"4","Institutional furniture manufacturing","[337127]","321","317","",,
"4","Office furniture (including fixtures) manufacturing","[33721]","323","322","",,
"4","Mattress manufacturing","[33791]","325","324","",,
"4","Blind and shade manufacturing","[33792]","326","324","",,
"4","Medical equipment and supplies manufacturing","[3391]","328","327","",,
"4","Other miscellaneous manufacturing","[3399]","330","327","",,
"4","Medical equipment and supplies manufacturing","[33911]","329","328","",,
"4","Jewellery and silverware manufacturing","[33991]","331","330","",,
"4","Sporting and athletic goods manufacturing","[33992]","332","330","",,
"4","Doll, toy and game manufacturing","[33993]","333","330","",,
"4","Office supplies (except paper) manufacturing","[33994]","334","330","",,
"4","Sign manufacturing","[33995]","335","330","",,
"4","All other miscellaneous manufacturing","[33999]","336","330","",,
"4","Apparel knitting mills","[3151]","338","337","",,
"4","Cut and sew clothing manufacturing","[3152]","341","337","",,
"4","Clothing accessories and other clothing manufacturing","[3159]","356","337","",,
"4","Hosiery and sock mills","[31511]","339","338","t",,
"4","Other clothing knitting mills","[31519]","340","338","t",,
"4","Apparel knitting mills","[31512]","370","338","",,
"4","Cut and sew clothing contracting","[31521]","342","341","",,
"4","Men's and boys' cut and sew clothing manufacturing","[31522]","343","341","t",,
"4","Women's and girls' cut and sew clothing manufacturing","[31523]","349","341","t",,
"4","Other cut and sew clothing manufacturing","[31529]","355","341","t",,
"4","Women's, girls' and infants' cut and sew clothing manufacturing","[31524]","360","341","t",,
"4","Other cut and sew clothing manufacturing","[31528]","363","341","t",,
"4","Cut and sew apparel manufacturing (except contractors)","[31525]","371","341","",,
"4","Men's and boys' cut and sew underwear and nightwear manufacturing","[315221]","344","343","t",,
"4","Men's and boys' cut and sew suit, coat and overcoat manufacturing","[315222]","345","343","t",,
"4","Men's and boys' cut and sew shirt manufacturing","[315226]","346","343","t",,
"4","Men's and boys' cut and sew trouser, slack and jean manufacturing","[315227]","347","343","t",,
"4","Other men's and boys' cut and sew clothing manufacturing","[315229]","348","343","t",,
"4","Women's and girls' cut and sew lingerie, loungewear and nightwear manufacturing","[315231]","350","349","t",,
"4","Women's and girls' cut and sew blouse and shirt manufacturing","[315232]","351","349","t",,
"4","Women's and girls' cut and sew dress manufacturing","[315233]","352","349","t",,
"4","Women's and girls' cut and sew suit, coat, tailored jacket and skirt manufacturing","[315234]","353","349","t",,
"4","Other women's and girls' cut and sew clothing manufacturing","[315239]","354","349","t",,
"4","Infants' cut and sew clothing manufacturing","[315241]","361","360","t",,
"4","Women's and girls's cut and sew clothing manufacturing","[315249]","362","360","t",,
"4","Cannabis product manufacturing","[31231]","366","365","",,
"4","Manufacturing","[31-33]","1","","",,

Symbol Legend
Description,Symbol
"not available for a specific reference period","..",
"less than the limit of detection","<LOD",
"value rounded to 0 (zero) where there is a meaningful distinction between true zero and the value that was rounded","0s",
"data quality: excellent","A",
"data quality: very good","B",
"data quality: good","C",
"data quality: acceptable","D",
"use with caution","E",
"too unreliable to be published","F",
"not applicable","...",
"preliminary","p",
"revised","r",
"suppressed to meet the confidentiality requirements of the Statistics Act","x",
"terminated","t",

"Survey Code","Survey Name"
"2101","Monthly Survey of Manufacturing"

"Subject Code","Subject Name"
"16","Manufacturing"

"Note ID",Note
1,"All data up to December 2003 are calibrated to levels from the Annual Survey of Manufactures and Logging (ASML). Starting in January 2004, the data are reconciled with the ASML, but the aggregate industry estimates may be different."
2,"Beginning with reference year 2009, the data are classified by industry based on the North American Industry Classification System (NAICS) 2012."
3,"With the release on July 14, 2021, the Monthly Survey of Manufacturing (MSM) has published revised estimates. Estimates of sales of goods manufactured, inventories and orders have been revised back to January 2018 for the unadjusted data, and back to January 2015 for the seasonally adjusted data."
5,"This table will include new manufacturing estimates using the updated version of the  <a href="https://www.statcan.gc.ca/en/statistical-programs/document/naics2017v3_0-2022v1_0" rel="external noopener noreferrer" target="_blank">North American Industry Classification System (NAICS 2022). (opens new window)</a>. These changes affect January 2023 data as well as October to December 2022."

"Correction ID","Correction Date","Correction Note"
"3610","2023-03-30","On March 30, 2023 the data for September 2022 was updated to reflect what was originally released on February 15, 2023.",

